{
  "analysis": {
    "filter": {
      "autocomplete_filter": {
        "type": "edge_ngram",
        "min_gram": 1,
        "max_gram": 20
      }
    },
    "analyzer": {
      "autocomplete_search": {
        "type": "custom",
        "tokenizer": "standard",
        "filter": [
          "lowercase"
        ]
      },
      "autocomplete_index": {
        "type": "custom",
        "tokenizer": "standard",
        "filter": [
          "lowercase",
          "autocomplete_filter"
        ]
      }
    }
  }
}
